-- phpMyAdmin SQL Dump
-- version 4.6.5.2
-- https://www.phpmyadmin.net/
--
-- Хост: 127.0.0.1:3306
-- Время создания: Май 23 2018 г., 10:59
-- Версия сервера: 5.7.16-log
-- Версия PHP: 7.1.0

SET SQL_MODE = "NO_AUTO_VALUE_ON_ZERO";
SET time_zone = "+00:00";


/*!40101 SET @OLD_CHARACTER_SET_CLIENT=@@CHARACTER_SET_CLIENT */;
/*!40101 SET @OLD_CHARACTER_SET_RESULTS=@@CHARACTER_SET_RESULTS */;
/*!40101 SET @OLD_COLLATION_CONNECTION=@@COLLATION_CONNECTION */;
/*!40101 SET NAMES utf8mb4 */;

--
-- База данных: `sberbank`
--
CREATE DATABASE IF NOT EXISTS `sberbank` DEFAULT CHARACTER SET utf8 COLLATE utf8_general_ci;
USE `sberbank`;

-- --------------------------------------------------------

--
-- Структура таблицы `clients`
--

CREATE TABLE `clients` (
  `Number` int(11) UNSIGNED NOT NULL COMMENT 'Номер лицевого счета',
  `Password` varchar(100) NOT NULL DEFAULT 'p@ssword',
  `First_Name` varchar(100) NOT NULL COMMENT 'Имя',
  `Last_Name` varchar(100) NOT NULL COMMENT 'Фамилия',
  `Middle_Name` varchar(100) NOT NULL COMMENT 'Отчество',
  `gender` int(1) UNSIGNED NOT NULL DEFAULT '0' COMMENT 'Пол',
  `Passport_Serie` int(4) UNSIGNED NOT NULL COMMENT 'Серия паспорта',
  `Passport_Number` int(6) UNSIGNED NOT NULL COMMENT 'Номер паспорта',
  `Address` varchar(255) NOT NULL COMMENT 'Адрес прописки',
  `Birthday` date NOT NULL COMMENT 'День рождения',
  `Phone_Number` varchar(20) NOT NULL COMMENT 'Номер телефона'
) ENGINE=InnoDB DEFAULT CHARSET=utf8;

--
-- Дамп данных таблицы `clients`
--

INSERT INTO `clients` (`Number`, `Password`, `First_Name`, `Last_Name`, `Middle_Name`, `gender`, `Passport_Serie`, `Passport_Number`, `Address`, `Birthday`, `Phone_Number`) VALUES
(1, 'p@ssword', 'Леон', 'Покровский', 'Святославович', 0, 3287, 290972, '305526, г. Харп, ул. Барболина, дом 43, кв. 196', '1983-11-26', '89791704445'),
(2, 'p@ssword', 'Жанна', 'Филиппова', 'Федоровна', 1, 3492, 160741, '143011, г. Батагай-Алыта, ул. Беговая 2-я, дом 26, кв. 87', '1969-11-05', '89107831979'),
(3, 'p@ssword', 'Иосиф', 'Шалдыбин', 'Филиппович', 0, 8447, 792567, '396771, г. Сергач, ул. Сержанта Елизарова, дом 69, кв. 142', '1985-11-08', '89658576183'),
(4, 'p@ssword', 'Власта', 'Вирская', 'Георгиевна ', 1, 7741, 404216, '216434, г. Вишневка, ул. Георгиевская, дом 52, кв. 67', '1994-05-13', '89771146085'),
(5, 'p@ssword', 'Римма', 'Чапко', 'Максимовна ', 1, 2528, 699566, '161132, г. Хакуринохабль, ул. Декабристов, дом 40, кв. 19', '1968-12-15', '89071562262'),
(6, 'p@ssword', 'Пимен', 'Воронин', 'Романович', 0, 2107, 486808, '111394, г. Гаврилов-ям, ул. Железнодорожников, дом 54, кв. 68', '1992-07-09', '89354242639'),
(7, 'p@ssword', 'Милена', 'Никифорова', 'Дмитриевна ', 1, 1480, 906304, '309722, г. Калиновка, ул. Маршала Василевского, дом 9, кв. 3', '1987-12-10', '89722198820'),
(8, 'p@ssword', 'Флорентин', 'Прокофьев', 'Игоревич', 0, 5881, 372218, '140867, г. Лесное, ул. Заречная, дом 12, кв. 39', '1985-07-27', '89217865111'),
(9, 'p@ssword', 'Адис', 'Журавель', 'Тарасович', 0, 3541, 192452, '692451, г. Ильинско-Подомское, ул. Московская, дом 29, кв. 262', '1978-01-04', '89701339083'),
(10, 'p@ssword', 'Варвара', 'Лебедева', 'Романовна ', 1, 6238, 905489, '652578, г. Камышлов, ул. Вагонников 3-я, дом 94, кв. 50', '1970-08-04', '89105858113'),
(11, 'p@ssword', 'Мирослава', 'Никифорова', 'Степановна ', 1, 7861, 682817, '663237, г. Нива, ул. Бауманская, дом 10, кв. 197', '1982-12-22', '89031139959'),
(12, 'p@ssword', 'Якуб', 'Савельев', 'Тимофеевич', 0, 4592, 648030, '606822, г. Сасово, ул. Зелёная, дом 56, кв. 19', '1990-09-14', '89491884123'),
(13, 'p@ssword', 'Инга', 'Ичёткина', 'Петровна ', 1, 4341, 532723, '601554, г. Арбаж, ул. Загородная, дом 62, кв. 92', '1982-03-05', '89526964472'),
(14, 'p@ssword', 'Галина', 'Баранова', 'Богдановна ', 1, 1834, 976397, '197345, г. Топки, ул. Батюнинская, дом 61, кв. 122', '1988-02-17', '89127457563'),
(15, 'p@ssword', 'Рада', 'Андреева', 'Николаевна ', 1, 5982, 901645, '181533, г. Ягодное, ул. Авиаконструктора Яковлева, дом 77, кв. 66', '1986-08-07', '89087023943'),
(17, 'p@ssword', 'Имя', 'Фамилия', 'Отчество', 0, 1111, 222222, '123123123у', '1963-05-03', '89225251850'),
(18, 'p@ssword', 'sdfsdfewwer', 'adsdasfadsfsdf', 'dfsdfdsfsdfsdf', 0, 1111, 333222, 'dsfsdfsdgsfgfs', '1023-11-11', '89999999999');

-- --------------------------------------------------------

--
-- Структура таблицы `clients_deposits`
--

CREATE TABLE `clients_deposits` (
  `ID` int(11) NOT NULL,
  `Client_Number` int(11) UNSIGNED NOT NULL COMMENT 'Номер лицевого счета',
  `Type` int(11) NOT NULL COMMENT 'Тип вклада',
  `Start_Date` datetime NOT NULL COMMENT 'Дата создания',
  `End_Date` datetime NOT NULL COMMENT 'Дата завершения',
  `Sum` float NOT NULL DEFAULT '0' COMMENT 'Сумма вклада'
) ENGINE=InnoDB DEFAULT CHARSET=utf8;

--
-- Дамп данных таблицы `clients_deposits`
--

INSERT INTO `clients_deposits` (`ID`, `Client_Number`, `Type`, `Start_Date`, `End_Date`, `Sum`) VALUES
(1, 15, 4, '2014-05-23 00:23:31', '2016-05-21 23:23:31', 498000),
(2, 7, 2, '2013-06-10 09:57:44', '2017-06-09 08:57:44', 780500),
(3, 9, 1, '2012-11-17 22:52:53', '2013-11-17 22:52:53', 883100),
(4, 15, 2, '2015-08-16 01:32:48', '2018-08-15 01:32:48', 537200),
(5, 7, 4, '2014-06-03 21:08:06', '2016-06-02 20:08:06', 722200),
(6, 12, 3, '2014-10-03 05:55:35', '2017-10-02 04:55:35', 155400),
(7, 8, 3, '2015-01-04 18:32:26', '2016-01-04 18:32:26', 498300),
(8, 4, 3, '2016-12-02 15:36:09', '2017-12-02 15:36:09', 869100),
(9, 6, 4, '2018-03-16 21:12:56', '2022-03-15 21:12:56', 165700),
(10, 12, 1, '2013-06-06 15:59:06', '2015-06-06 14:59:06', 258100),
(11, 8, 4, '2016-08-31 10:02:38', '2019-08-31 10:02:38', 177700),
(12, 12, 3, '2014-07-16 07:14:20', '2015-07-16 06:14:20', 869600),
(13, 12, 1, '2014-12-05 10:06:11', '2017-12-04 10:06:11', 755200),
(14, 10, 4, '2014-12-12 07:23:41', '2016-12-11 07:23:41', 875300),
(15, 1, 4, '2012-12-26 22:01:32', '2016-12-25 21:01:32', 202500),
(16, 8, 1, '2012-04-10 10:11:53', '2013-04-10 10:11:53', 133000),
(17, 2, 3, '2014-07-17 22:40:23', '2018-07-16 21:40:23', 172200),
(18, 8, 4, '2015-01-23 02:15:39', '2018-01-22 02:15:39', 126500),
(19, 4, 4, '2016-08-17 01:32:09', '2018-08-17 01:32:09', 851400),
(20, 4, 1, '2013-05-26 00:51:32', '2017-05-24 23:51:32', 716800),
(21, 7, 4, '2012-07-07 06:56:53', '2015-07-07 05:56:53', 796100),
(22, 10, 1, '2017-01-15 01:11:36', '2019-01-15 01:11:36', 345300),
(23, 2, 4, '2013-08-27 22:33:08', '2014-08-27 22:33:08', 731900),
(24, 7, 2, '2015-07-13 21:31:30', '2018-07-12 21:31:30', 676700),
(25, 15, 1, '2015-10-15 21:35:15', '2017-10-14 21:35:15', 378600),
(27, 6, 4, '2018-01-12 22:38:28', '2019-01-12 22:38:28', 135100),
(28, 1, 4, '2014-12-25 11:38:56', '2016-12-24 11:38:56', 208200),
(29, 10, 1, '2016-06-22 00:52:03', '2020-06-21 00:52:03', 395900),
(30, 1, 4, '2014-06-09 13:33:32', '2018-06-08 12:33:32', 664900),
(31, 13, 1, '2013-01-27 17:43:37', '2017-01-26 16:43:37', 829500),
(32, 11, 2, '2015-05-24 15:27:59', '2016-05-23 15:27:59', 256500),
(33, 10, 3, '2016-10-29 09:11:07', '2020-10-28 09:11:07', 162700),
(34, 5, 1, '2017-03-09 07:43:01', '2019-03-09 07:43:01', 178300),
(36, 4, 4, '2012-03-11 06:07:30', '2013-03-11 06:07:30', 714800),
(37, 8, 4, '2017-12-06 05:37:25', '2018-12-06 05:37:25', 780400),
(38, 12, 4, '2013-12-09 14:33:56', '2017-12-08 13:33:56', 246400),
(39, 4, 4, '2015-03-17 21:54:54', '2019-03-16 21:54:54', 152200),
(40, 7, 4, '2012-05-17 12:18:45', '2013-05-17 12:18:45', 293900),
(41, 6, 2, '2014-05-19 12:31:45', '2015-05-19 11:31:45', 605400),
(42, 11, 3, '2017-08-09 22:15:46', '2021-08-08 22:15:46', 500800),
(43, 14, 4, '2017-10-14 07:56:03', '2019-10-14 07:56:03', 779300),
(44, 11, 2, '2015-11-15 20:16:11', '2019-11-14 20:16:11', 144600),
(45, 11, 1, '2012-03-05 20:01:22', '2016-03-04 19:01:22', 510900),
(46, 6, 3, '2016-12-25 18:18:56', '2017-12-25 18:18:56', 657500),
(47, 4, 1, '2016-06-01 17:43:42', '2018-06-01 17:43:42', 362400),
(48, 14, 3, '2014-11-03 12:08:35', '2017-11-02 12:08:35', 407800),
(49, 11, 2, '2015-03-06 12:35:31', '2017-03-05 12:35:31', 307600),
(50, 10, 4, '2013-10-14 15:18:57', '2017-10-13 14:18:57', 781300),
(51, 5, 3, '2016-01-27 00:49:03', '2018-01-26 00:49:03', 621100),
(52, 8, 2, '2012-01-16 00:08:10', '2015-01-14 23:08:10', 899200),
(53, 6, 1, '2013-04-30 10:26:44', '2017-04-29 09:26:44', 794600),
(54, 14, 1, '2014-12-24 02:45:42', '2015-12-24 02:45:42', 719700),
(55, 13, 4, '2015-09-28 01:42:21', '2019-09-27 01:42:21', 765900),
(56, 12, 3, '2016-11-02 18:41:36', '2020-11-01 18:41:36', 474500),
(57, 11, 4, '2017-05-31 23:51:01', '2018-05-31 23:51:01', 626500),
(58, 13, 1, '2014-03-04 19:21:33', '2017-03-03 18:21:33', 857900),
(60, 8, 4, '2012-12-26 22:08:38', '2016-12-25 21:08:38', 553300),
(61, 2, 2, '2013-07-28 22:58:41', '2017-07-27 21:58:41', 566800),
(62, 7, 1, '2016-08-16 21:33:50', '2017-08-16 21:33:50', 675200),
(63, 12, 4, '2015-02-21 16:28:42', '2018-02-20 16:28:42', 466100),
(64, 8, 3, '2012-02-16 08:28:20', '2015-02-15 07:28:20', 106000),
(66, 2, 2, '2017-01-04 03:50:53', '2020-01-04 03:50:53', 786600),
(67, 9, 1, '2016-04-18 11:39:16', '2018-04-18 11:39:16', 892900),
(68, 6, 3, '2015-11-20 21:41:06', '2019-11-19 21:41:06', 462800),
(69, 5, 1, '2012-10-03 03:43:12', '2016-10-02 02:43:12', 390500),
(70, 4, 3, '2015-10-29 11:08:22', '2016-10-28 11:08:22', 379000),
(71, 12, 1, '2015-02-20 07:40:04', '2016-02-20 07:40:04', 478900),
(72, 13, 4, '2013-07-12 05:14:26', '2015-07-12 04:14:26', 899900),
(73, 5, 1, '2013-02-26 00:47:36', '2015-02-25 23:47:36', 821500),
(74, 8, 3, '2015-04-20 15:34:04', '2019-04-19 15:34:04', 339100),
(75, 14, 3, '2017-05-02 09:32:42', '2020-05-01 09:32:42', 575100),
(76, 6, 1, '2012-02-05 20:31:07', '2013-02-04 20:31:07', 606100),
(77, 4, 2, '2017-06-28 09:34:22', '2019-06-28 09:34:22', 644900),
(79, 13, 1, '2013-12-02 21:53:12', '2016-12-01 20:53:12', 453800),
(80, 2, 3, '2017-09-15 09:39:09', '2019-09-15 09:39:09', 404300),
(81, 12, 4, '2012-08-16 10:35:22', '2013-08-16 10:35:22', 750600),
(82, 2, 1, '2013-03-02 17:20:50', '2014-03-02 17:20:50', 510400),
(83, 8, 1, '2017-05-12 21:56:42', '2019-05-12 21:56:42', 606100),
(84, 5, 4, '2017-11-25 03:22:22', '2018-11-25 03:22:22', 184100),
(85, 8, 1, '2014-11-06 10:11:58', '2015-11-06 10:11:58', 736400),
(86, 9, 4, '2014-05-03 00:10:38', '2018-05-01 23:10:38', 313600),
(87, 13, 1, '2012-12-21 23:57:29', '2015-12-21 22:57:29', 787600),
(88, 6, 4, '2015-04-16 02:47:36', '2018-04-15 02:47:36', 469200),
(89, 1, 3, '2013-10-09 08:56:51', '2014-10-09 08:56:51', 506500),
(90, 14, 3, '2014-12-29 12:05:51', '2018-12-28 12:05:51', 250700),
(91, 1, 4, '2012-07-04 22:08:33', '2016-07-03 21:08:33', 184100),
(92, 13, 1, '2012-02-07 19:01:48', '2015-02-06 18:01:48', 797900),
(93, 4, 1, '2015-09-29 00:03:08', '2016-09-28 00:03:08', 315400),
(94, 10, 2, '2012-08-11 10:01:22', '2015-08-11 09:01:22', 344100),
(95, 11, 3, '2013-12-16 17:14:59', '2014-12-16 16:14:59', 259400),
(96, 10, 3, '2015-02-16 15:15:30', '2018-02-15 15:15:30', 520100),
(97, 4, 4, '2016-10-09 14:45:22', '2019-10-09 14:45:22', 746600),
(98, 2, 3, '2015-07-16 14:51:25', '2017-07-15 14:51:25', 862200),
(99, 7, 4, '2016-09-01 00:54:12', '2019-09-01 00:54:12', 181400),
(100, 6, 2, '2014-10-09 10:55:20', '2016-10-08 09:55:20', 608100),
(101, 8, 3, '2017-12-25 04:38:42', '2018-12-25 04:38:42', 393100),
(102, 9, 4, '2012-06-29 13:46:53', '2014-06-29 13:46:53', 670900),
(103, 9, 2, '2013-10-15 11:42:38', '2017-10-14 10:42:38', 627200),
(104, 12, 3, '2014-09-24 13:48:05', '2017-09-23 12:48:05', 195900),
(105, 4, 4, '2017-02-19 20:00:48', '2021-02-18 20:00:48', 118700),
(106, 8, 1, '2012-04-20 20:11:37', '2016-04-19 19:11:37', 796900),
(107, 8, 4, '2017-09-29 15:16:32', '2020-09-28 15:16:32', 260400),
(108, 7, 2, '2013-10-21 16:01:51', '2017-10-20 15:01:51', 772200),
(109, 2, 1, '2017-10-31 18:38:47', '2018-10-31 18:38:47', 348300),
(110, 5, 3, '2012-09-10 11:27:51', '2015-09-10 10:27:51', 850900),
(111, 10, 4, '2013-11-13 00:57:35', '2015-11-12 23:57:35', 134900),
(112, 15, 1, '2017-05-14 01:09:46', '2021-05-13 01:09:46', 566800),
(113, 11, 2, '2014-01-02 00:37:44', '2016-01-01 23:37:44', 418600),
(114, 10, 2, '2014-07-27 04:59:25', '2015-07-27 03:59:25', 746300),
(115, 13, 2, '2012-04-05 08:43:47', '2014-04-05 08:43:47', 333100),
(116, 11, 4, '2012-10-02 14:13:20', '2015-10-02 13:13:20', 668800),
(117, 10, 2, '2015-03-15 15:45:07', '2017-03-14 15:45:07', 281700),
(118, 9, 1, '2015-05-13 02:07:37', '2019-05-12 02:07:37', 107300),
(119, 12, 1, '2014-07-04 01:46:36', '2016-07-03 00:46:36', 213700),
(120, 10, 4, '2014-11-18 08:35:52', '2015-11-18 08:35:52', 604400),
(121, 6, 4, '2015-05-19 08:13:07', '2017-05-18 08:13:07', 219100),
(122, 15, 1, '2013-08-10 07:19:11', '2017-08-09 06:19:11', 885700),
(123, 2, 1, '2018-01-29 10:47:23', '2021-01-28 10:47:23', 751700),
(124, 8, 3, '2014-09-07 03:09:13', '2018-09-06 02:09:13', 337200),
(125, 15, 1, '2015-02-15 04:57:20', '2018-02-14 04:57:20', 465800),
(126, 9, 3, '2016-01-19 22:08:09', '2019-01-18 22:08:09', 452900),
(127, 2, 3, '2012-06-01 13:52:01', '2014-06-01 13:52:01', 615200),
(128, 4, 3, '2013-07-24 17:35:09', '2014-07-24 17:35:09', 164600),
(129, 5, 2, '2013-06-03 18:15:58', '2016-06-02 17:15:58', 661100),
(130, 13, 4, '2017-09-04 21:24:51', '2018-09-04 21:24:51', 488400),
(131, 11, 3, '2016-04-03 03:59:27', '2019-04-03 03:59:27', 319400),
(132, 6, 1, '2017-01-29 21:57:06', '2018-01-29 21:57:06', 705400),
(133, 6, 3, '2014-04-30 02:24:19', '2015-04-30 01:24:19', 429500),
(134, 14, 2, '2013-07-05 14:42:18', '2017-07-04 13:42:18', 213700),
(136, 13, 4, '2013-01-01 07:21:14', '2015-01-01 06:21:14', 473400),
(137, 2, 4, '2015-05-19 12:29:46', '2017-05-18 12:29:46', 508700),
(138, 4, 1, '2014-11-20 14:34:14', '2015-11-20 14:34:14', 137500),
(139, 15, 3, '2013-09-04 12:18:23', '2014-09-04 12:18:23', 639800),
(140, 13, 3, '2018-04-23 02:16:01', '2020-04-22 02:16:01', 892600),
(141, 1, 1, '2014-06-17 22:40:26', '2017-06-16 21:40:26', 557400),
(142, 10, 4, '2012-03-06 10:43:37', '2014-03-06 10:43:37', 119100),
(144, 2, 3, '2015-08-24 17:36:29', '2019-08-23 17:36:29', 153600),
(145, 12, 1, '2014-01-15 12:46:40', '2016-01-15 11:46:40', 326800),
(146, 9, 1, '2014-02-10 05:46:39', '2015-02-10 04:46:39', 143400),
(147, 12, 2, '2013-08-05 01:03:09', '2017-08-04 00:03:09', 494900),
(148, 7, 2, '2017-10-01 18:51:14', '2018-10-01 18:51:14', 238700),
(149, 5, 4, '2014-02-03 07:20:37', '2016-02-03 06:20:37', 154900),
(150, 7, 3, '2014-02-09 10:54:42', '2016-02-09 09:54:42', 364300),
(165, 12, 1, '2018-05-21 13:54:49', '2021-05-05 13:54:49', 122000),
(166, 15, 3, '2018-05-21 13:55:31', '2022-04-30 13:55:31', 300),
(167, 1, 3, '2018-05-23 10:44:05', '2022-05-02 10:44:05', 132123),
(168, 1, 1, '2018-05-23 10:53:50', '2019-05-18 10:53:50', 133);

-- --------------------------------------------------------

--
-- Структура таблицы `deposits_types`
--

CREATE TABLE `deposits_types` (
  `ID` int(11) NOT NULL,
  `Name` varchar(255) NOT NULL COMMENT 'Тип вклада',
  `Percents_In_Year` float NOT NULL DEFAULT '0' COMMENT 'Процент по вкладу',
  `Is_Add` int(1) NOT NULL DEFAULT '0' COMMENT 'Можно ли пополнять вклад',
  `Is_Substract` int(1) NOT NULL DEFAULT '0' COMMENT 'Можно ли выводить из вклада',
  `Min_Sum` float NOT NULL DEFAULT '0' COMMENT 'Минимальная сумма вклада',
  `Max_Sum` float NOT NULL DEFAULT '0' COMMENT 'Максимальная сумма вклада'
) ENGINE=InnoDB DEFAULT CHARSET=utf8 ROW_FORMAT=DYNAMIC;

--
-- Дамп данных таблицы `deposits_types`
--

INSERT INTO `deposits_types` (`ID`, `Name`, `Percents_In_Year`, `Is_Add`, `Is_Substract`, `Min_Sum`, `Max_Sum`) VALUES
(1, 'Сберегательный', 1, 1, 1, 0, 100000000),
(2, 'Сохранение', 3.5, 0, 0, 0, 100000000),
(3, 'С возможностью пополнения', 4, 1, 0, 0, 100000000),
(4, 'С пополнением и снятием', 4, 1, 1, 30000, 100000000);

--
-- Индексы сохранённых таблиц
--

--
-- Индексы таблицы `clients`
--
ALTER TABLE `clients`
  ADD PRIMARY KEY (`Number`);

--
-- Индексы таблицы `clients_deposits`
--
ALTER TABLE `clients_deposits`
  ADD PRIMARY KEY (`ID`),
  ADD KEY `FK_clients_deposits_clients` (`Client_Number`),
  ADD KEY `FK_clients_deposits_deposits_types` (`Type`);

--
-- Индексы таблицы `deposits_types`
--
ALTER TABLE `deposits_types`
  ADD PRIMARY KEY (`ID`);

--
-- AUTO_INCREMENT для сохранённых таблиц
--

--
-- AUTO_INCREMENT для таблицы `clients`
--
ALTER TABLE `clients`
  MODIFY `Number` int(11) UNSIGNED NOT NULL AUTO_INCREMENT COMMENT 'Номер лицевого счета', AUTO_INCREMENT=19;
--
-- AUTO_INCREMENT для таблицы `clients_deposits`
--
ALTER TABLE `clients_deposits`
  MODIFY `ID` int(11) NOT NULL AUTO_INCREMENT, AUTO_INCREMENT=169;
--
-- AUTO_INCREMENT для таблицы `deposits_types`
--
ALTER TABLE `deposits_types`
  MODIFY `ID` int(11) NOT NULL AUTO_INCREMENT, AUTO_INCREMENT=5;
--
-- Ограничения внешнего ключа сохраненных таблиц
--

--
-- Ограничения внешнего ключа таблицы `clients_deposits`
--
ALTER TABLE `clients_deposits`
  ADD CONSTRAINT `FK_clients_deposits_clients` FOREIGN KEY (`Client_Number`) REFERENCES `clients` (`Number`),
  ADD CONSTRAINT `FK_clients_deposits_deposits_types` FOREIGN KEY (`Type`) REFERENCES `deposits_types` (`ID`);

/*!40101 SET CHARACTER_SET_CLIENT=@OLD_CHARACTER_SET_CLIENT */;
/*!40101 SET CHARACTER_SET_RESULTS=@OLD_CHARACTER_SET_RESULTS */;
/*!40101 SET COLLATION_CONNECTION=@OLD_COLLATION_CONNECTION */;
